"duplicate_key","duplicate_count","id","slug","title","company","location","status","source_type","apply_url","created_at","updated_at"
"director provider data management data solutions remote::molina healthcare","2","82ea8ad0-70d6-4aad-9cfc-e9dab630ba9a","director-provider-data-management-data-solutions-remote-molina-healthcare","Director, Provider Data Management - Data Solutions - Remote","Molina Healthcare","Remote","approved","imported","https://careers.molinahealthcare.com/job/united-states/director-provider-data-management-data-solutions-remote/21726/92574191648","2026-05-13T20:25:35.721197+00:00","2026-05-13T20:25:35.721197+00:00"
"director provider data management data solutions remote::molina healthcare","2","3cc99212-4996-4f27-8389-64d1ac2aafc9","director-provider-data-management-data-solutions-remote-molina-healthcare-1c12748834","Director, Provider Data Management - Data Solutions - Remote","Molina Healthcare","Remote","approved","imported","https://careers.molinahealthcare.com/job/united-states/director-provider-data-management-data-solutions-remote/21726/92574191648","2026-05-13T04:19:04.728661+00:00","2026-05-13T04:19:04.728661+00:00"
"lead analyst quality analytics and performance improvement remote::molina healthcare","2","ce878d91-1262-4e60-9eaa-1079b486abb4","lead-analyst-quality-analytics-performance-improvement-remote-molina-healthcare","Lead Analyst, Quality Analytics & Performance Improvement - Remote","Molina Healthcare","Remote","approved","imported","https://careers.molinahealthcare.com/job/united-states/lead-analyst-quality-analytics-and-performance-improvement-remote/21726/94183066896","2026-05-13T20:25:35.721197+00:00","2026-05-13T20:25:35.721197+00:00"
"lead analyst quality analytics and performance improvement remote::molina healthcare","2","8b38f6f1-027e-4ca9-a0f1-87821118ccb3","lead-analyst-quality-analytics-and-performance-improvement-remote-molina-healthcar-12dc05ae04","Lead Analyst, Quality Analytics & Performance Improvement (Remote)","Molina Healthcare","Remote","approved","imported","https://careers.molinahealthcare.com/job/united-states/lead-analyst-quality-analytics-and-performance-improvement-remote/21726/94183066896","2026-05-13T04:19:04.728661+00:00","2026-05-13T04:19:04.728661+00:00"
"epic patient access analyst cadence or prelude remote::unitedhealth group optum","2","bd253b20-8ae2-465b-a627-66588df2e8ab","epic-patient-access-analyst-cadence-or-prelude-remote-unitedhealth-group-optum","Epic Patient Access Analyst - Cadence or Prelude - Remote","UnitedHealth Group / Optum","Walnut Creek, CA / Remote","approved","imported","https://careers.unitedhealthgroup.com/job/walnut-creek/epic-patient-access-analyst-cadence-or-prelude-remote/34088/95052070720","2026-05-13T20:25:35.721197+00:00","2026-05-13T20:25:35.721197+00:00"
"epic patient access analyst cadence or prelude remote::unitedhealth group optum","2","5dd39ee6-af3e-4bbf-a5e7-d0f2ed0c0314","epic-patient-access-analyst-cadence-or-prelude-remote-unitedhealth-group-optum-bca1302e4e","Epic Patient Access Analyst - Cadence or Prelude - Remote","UnitedHealth Group / Optum","Walnut Creek, CA / Remote","approved","imported","https://careers.unitedhealthgroup.com/job/walnut-creek/epic-patient-access-analyst-cadence-or-prelude-remote/34088/94264217536","2026-05-13T04:19:04.728661+00:00","2026-05-13T04:19:04.728661+00:00"
"lead analyst healthcare analytics remote::molina healthcare","2","233162f9-20d1-4f8c-ac65-a7e4d9052334","lead-analyst-healthcare-analytics-remote-molina-healthcare","Lead Analyst, Healthcare Analytics - Remote","Molina Healthcare","Remote","approved","imported","https://careers.molinahealthcare.com/job/united-states/lead-analyst-healthcare-analytics-remote/21726/94274245344","2026-05-13T20:25:35.721197+00:00","2026-05-13T20:25:35.721197+00:00"
"lead analyst healthcare analytics remote::molina healthcare","2","2212a10c-2789-4d65-b541-77a6e79d1ed5","lead-analyst-healthcare-analytics-remote-molina-healthcare-c933613a86","Lead Analyst, Healthcare Analytics - Remote","Molina Healthcare","Remote","approved","imported","https://careers.molinahealthcare.com/job/united-states/lead-analyst-healthcare-analytics-remote/21726/94274245344","2026-05-13T04:19:04.728661+00:00","2026-05-13T04:19:04.728661+00:00"
"financial data analyst remote::unitedhealth group optum","2","d221fa06-f06a-4fb6-b900-97f099c6c691","financial-data-analyst-remote-unitedhealth-group-optum","Financial/Data Analyst - Remote","UnitedHealth Group / Optum","Eden Prairie, MN / Remote","approved","imported","https://careers.unitedhealthgroup.com/job/eden-prairie/financial-data-analyst-remote/34088/95024674704","2026-05-13T20:25:35.721197+00:00","2026-05-13T20:25:35.721197+00:00"
"financial data analyst remote::unitedhealth group optum","2","60b5264b-9536-43ab-8644-2af9370e0bee","financial-data-analyst-remote-unitedhealth-group-optum-a277ba1c43","Financial/Data Analyst - Remote","UnitedHealth Group / Optum","Eden Prairie, MN / Remote","approved","imported","https://careers.unitedhealthgroup.com/job/eden-prairie/financial-data-analyst-remote/34088/95024674704","2026-05-13T04:19:04.728661+00:00","2026-05-13T04:19:04.728661+00:00"
"director data analytics remote::unitedhealth group optum","2","034dee27-583e-44f6-b248-49e24d90cb2f","director-data-analytics-remote-unitedhealth-group-optum","Director Data Analytics - Remote","UnitedHealth Group / Optum","Richardson, TX / Remote","approved","imported","https://careers.unitedhealthgroup.com/job/richardson/director-data-analytics-remote/34088/94982381152","2026-05-13T20:25:35.721197+00:00","2026-05-13T20:25:35.721197+00:00"
"director data analytics remote::unitedhealth group optum","2","f369acce-c876-4c99-850f-b10f565bb0a4","director-data-analytics-remote-unitedhealth-group-optum-batch-two","Director Data Analytics - Remote","UnitedHealth Group / Optum","Richardson, TX / Remote","approved","imported","https://careers.unitedhealthgroup.com/job/richardson/director-data-analytics-remote/34088/94982381152","2026-05-12T19:27:09.730511+00:00","2026-05-12T19:27:09.730511+00:00"
"senior analyst advanced provider data management excel sql remote::molina healthcare","2","c3228447-4909-4b15-80c7-05f31c2c9ca4","senior-analyst-advanced-provider-data-management-excel-sql-remote-molina-healthcare","Senior Analyst, Advanced Provider Data Management - Excel/SQL - Remote","Molina Healthcare","Remote","approved","imported","https://careers.molinahealthcare.com/job/united-states/senior-analyst-advanced-provider-data-management-excel-sql-remote/21726/94739486432","2026-05-13T20:25:35.721197+00:00","2026-05-13T20:25:35.721197+00:00"
"senior analyst advanced provider data management excel sql remote::molina healthcare","2","9cee0e72-e997-4c90-9b30-71619f51699b","senior-analyst-advanced-provider-data-management-excel-sql-remote-molina-healthcar-dfe95e6779","Senior Analyst, Advanced Provider Data Management - Excel/SQL - Remote","Molina Healthcare","Remote","approved","imported","https://careers.molinahealthcare.com/job/united-states/senior-analyst-advanced-provider-data-management-excel-sql-remote/21726/94739486432","2026-05-13T04:19:04.728661+00:00","2026-05-13T04:19:04.728661+00:00"
"patient care tech cna pt night shift med surg oncology::adventist healthcare","2","2e90df96-92d9-4d18-a7f7-c214cf46b4b0","patient-care-tech-cna-pt-night-shift-med-surg-oncology-adventist-healthcare","Patient Care Tech (CNA), PT Night Shift, Med Surg Oncology","Adventist HealthCare","Rockville, MD","approved","imported","https://adventisthealthcare.wd1.myworkdayjobs.com/en-US/AdventistHealthCareCareers/job/Patient-Care-Tech--CNA---PT-Night-Shift--Med-Surg-Oncology_R-041612","2026-05-13T20:25:35.721197+00:00","2026-05-13T20:25:35.721197+00:00"
"patient care tech cna pt night shift med surg oncology::adventist healthcare","2","668b18ee-9e22-4e79-ab31-0125e7a564c2","patient-care-tech-cna-pt-night-shift-med-surg-oncology-adventist-healthcare-8da9acf10f","Patient Care Tech (CNA), PT Night Shift, Med Surg Oncology","Adventist HealthCare","Maryland","approved","imported","https://adventisthealthcare.wd1.myworkdayjobs.com/en-US/AdventistHealthCareCareers/job/Patient-Care-Tech--CNA---PT-Night-Shift--Med-Surg-Oncology_R-041612","2026-05-13T04:19:04.728661+00:00","2026-05-13T04:19:04.728661+00:00"
"lead software engineer remote::unitedhealth group optum","2","596598a4-d968-4211-88f2-a3ecf6fad767","lead-software-engineer-remote-unitedhealth-group-optum-4a64508e0e","Lead Software Engineer - Remote","UnitedHealth Group / Optum","Eden Prairie, MN / Remote","approved","imported","https://careers.unitedhealthgroup.com/job/eden-prairie/lead-software-engineer-remote/34088/93962091808","2026-05-13T04:19:04.728661+00:00","2026-05-13T04:19:04.728661+00:00"
"lead software engineer remote::unitedhealth group optum","2","94d2ee12-5eec-46ec-a4b5-5275a685c9a8","lead-software-engineer-remote-unitedhealth-group-optum-55c6f36c67","Lead Software Engineer - Remote","UnitedHealth Group / Optum","Fort Worth, TX / Remote","approved","imported","https://careers.unitedhealthgroup.com/job/fort-worth/lead-software-engineer-remote/34088/93389948896","2026-05-13T04:19:04.728661+00:00","2026-05-13T04:19:04.728661+00:00"
